"0","#| include: false"
"0",""
"0","knitr::opts_chunk$set(warning = FALSE, message = FALSE, echo = FALSE)"
"0",""
"0","library(broom.mixed)"
"0","library(fastDummies)"
"0","library(fixest)"
"0","library(flextable)"
"0","library(ggh4x)"
"0","library(ggpubr)"
"0","library(googledrive)"
"0","library(grf)"
"0","library(grid)"
"0","library(haven)"
"0","library(huxtable)"
"0","library(kableExtra)"
"0","library(knitr)"
"0","library(officer)"
"0","library(plotly)"
"0","library(psych)"
"0","library(readxl)"
"0","library(rstatix)"
"0","library(tidyverse)"
"0",""
"0","submission <- FALSE"
